<?xml version='1.0' encoding='UTF-8'?>
<?artifactRepository version='1.1.0'?>
<repository name='file:/home/yosbelf/AnypointStudio/workspace/one-drive-connector/target/update-site/ - artifacts' type='org.eclipse.equinox.p2.artifact.repository.simpleRepository' version='1'>
  <properties size='2'>
    <property name='p2.timestamp' value='1486071313056'/>
    <property name='p2.compressed' value='false'/>
  </properties>
  <mappings size='3'>
    <rule filter='(&amp; (classifier=osgi.bundle))' output='${repoUrl}/plugins/${id}_${version}.jar'/>
    <rule filter='(&amp; (classifier=binary))' output='${repoUrl}/binary/${id}_${version}'/>
    <rule filter='(&amp; (classifier=org.eclipse.update.feature))' output='${repoUrl}/features/${id}_${version}.jar'/>
  </mappings>
  <artifacts size='2'>
    <artifact classifier='osgi.bundle' id='org.mule.tooling.ui.contribution.one-drive.3.5.0' version='1.0.0.201702021835'>
      <properties size='3'>
        <property name='artifact.size' value='2200086'/>
        <property name='download.size' value='2200086'/>
        <property name='download.md5' value='d8f4d978231bf280cd4fe60578acd769'/>
      </properties>
    </artifact>
    <artifact classifier='org.eclipse.update.feature' id='org.mule.tooling.ui.extension.one-drive-connector.3.5.0' version='1.0.0.201702021835'>
      <properties size='4'>
        <property name='artifact.size' value='648'/>
        <property name='download.size' value='648'/>
        <property name='download.md5' value='357bf24d64897c4022c53f220fadc831'/>
        <property name='download.contentType' value='application/zip'/>
      </properties>
    </artifact>
  </artifacts>
</repository>
