<?xml version='1.0' encoding='UTF-8'?>
<?artifactRepository version='1.1.0'?>
<repository name='file:/home/yosbelf/git/OneDriveConnector/one-drive-connector/target/update-site/ - artifacts' type='org.eclipse.equinox.p2.artifact.repository.simpleRepository' version='1'>
  <properties size='2'>
    <property name='p2.timestamp' value='1486401764534'/>
    <property name='p2.compressed' value='false'/>
  </properties>
  <mappings size='3'>
    <rule filter='(&amp; (classifier=osgi.bundle))' output='${repoUrl}/plugins/${id}_${version}.jar'/>
    <rule filter='(&amp; (classifier=binary))' output='${repoUrl}/binary/${id}_${version}'/>
    <rule filter='(&amp; (classifier=org.eclipse.update.feature))' output='${repoUrl}/features/${id}_${version}.jar'/>
  </mappings>
  <artifacts size='2'>
    <artifact classifier='osgi.bundle' id='org.mule.tooling.ui.contribution.one-drive.3.5.0' version='1.0.0.201702061422'>
      <properties size='3'>
        <property name='artifact.size' value='2296406'/>
        <property name='download.size' value='2296406'/>
        <property name='download.md5' value='feae3bf8bac31774f3a556733ce03443'/>
      </properties>
    </artifact>
    <artifact classifier='org.eclipse.update.feature' id='org.mule.tooling.ui.extension.one-drive-connector.3.5.0' version='1.0.0.201702061422'>
      <properties size='4'>
        <property name='artifact.size' value='648'/>
        <property name='download.size' value='648'/>
        <property name='download.md5' value='8a49d499388c8309ecf05e3bea3bb4ce'/>
        <property name='download.contentType' value='application/zip'/>
      </properties>
    </artifact>
  </artifacts>
</repository>
